index,Test Set,Expected,Actual,English-Latin1,French_Francais-Latin1,Spanish-Latin1,Italian-Latin1,German_Deutsch-Latin1
0-English-Latin1,has,English-Latin1,German_Deutsch-Latin1,0.312453872994569,0.30707450444292544,0.33930044115144453,0.14596888260254598,0.4116445675335597
0-French_Francais-Latin1,aspiration,French_Francais-Latin1,English-Latin1,0.404681044620069,0.7472269253024513,0.3405578117635111,0.3421663331573447,0.30385292796085944
0-Spanish-Latin1,han,Spanish-Latin1,English-Latin1,0.31898278854800594,0.4959378165713722,0.16421736158578265,0.32345806009172345,0.42825586321462283
0-Italian-Latin1,fede,Italian-Latin1,German_Deutsch-Latin1,0.2568435383985156,0.25777738513094994,0.26020484449760767,0.2570044900577293,0.3847107691835199
0-German_Deutsch-Latin1,Recht,German_Deutsch-Latin1,German_Deutsch-Latin1,0.7136284477645823,0.28762549847131735,0.2147042507454407,0.12837406102319507,0.03922258892555922
1-English-Latin1,sickness,English-Latin1,English-Latin1,0.25455116133082234,0.09055161414508058,0.09528334122640321,0.033145045273758146,0.14922696205850833
1-French_Francais-Latin1,territoires,French_Francais-Latin1,Spanish-Latin1,0.4193058993058993,0.5047959238569254,0.5142587477582438,0.3024622462246224,0.200200652119388
1-Spanish-Latin1,del,Spanish-Latin1,Italian-Latin1,0.4130958072191092,0.3546673578041207,0.38522205134047244,0.610904817462137,0.5023784065128962
1-Italian-Latin1,un,Italian-Latin1,French_Francais-Latin1,0.42336339396934225,0.32709117524048514,0.7274720893141945,0.7087627396479225,0.34348188215473874
1-German_Deutsch-Latin1,Religion,German_Deutsch-Latin1,French_Francais-Latin1,0.7482895816242822,0.7781607671774843,0.8101827774310612,0.4931059425927931,0.6387919416941694
2-English-Latin1,freedom,English-Latin1,English-Latin1,0.5952163337715735,0.007421705089169204,0.008730538223803137,0.013921392139213921,0.30791580987001815
2-French_Francais-Latin1,vie,French_Francais-Latin1,French_Francais-Latin1,0.37704693388146626,0.21464420146979743,0.3460955902566286,0.33261867540137474,0.2917338492959261
2-Spanish-Latin1,y,Spanish-Latin1,French_Francais-Latin1,0.2,0.2,0.8002392344497608,0.0,0.0
2-Italian-Latin1,assistenza,Italian-Latin1,Italian-Latin1,0.718278958694887,0.3388135599563128,0.36042070859848213,0.3720704168055279,0.13888694156630166
2-German_Deutsch-Latin1,hinzuwirken,German_Deutsch-Latin1,German_Deutsch-Latin1,0.4526102845210128,0.15578221702169653,0.13421052631578947,0.13453068206115032,0.06811881188118812
3-English-Latin1,to,English-Latin1,Spanish-Latin1,0.3541623932325213,0.11462144666479034,0.40843598504186795,0.342014201420142,0.1671682969651367
3-French_Francais-Latin1,collectivité,French_Francais-Latin1,French_Francais-Latin1,0.29410057337069323,0.1978004638606897,0.1734801339616125,0.1035295360144088,4.7027840481565085e-05
3-Spanish-Latin1,remuneración,Spanish-Latin1,Spanish-Latin1,0.4915921482518669,0.37502463700776306,0.10446679321822341,0.15956270627062707,0.12290987375637488
3-Italian-Latin1,e,Italian-Latin1,Spanish-Latin1,0.20912232204561162,0.21116687578419074,0.21650717703349281,0.6249500330014595,0.21038374717832956
3-German_Deutsch-Latin1,oder,German_Deutsch-Latin1,Spanish-Latin1,0.3758971291866029,0.38707653701380174,0.3788127990430622,0.5036882617062219,0.2577354310773543
4-English-Latin1,Article,English-Latin1,French_Francais-Latin1,0.2886155573378952,0.8219469959620878,0.33258682270134166,0.46411869297528835,0.3714574626145929
4-French_Francais-Latin1,et,French_Francais-Latin1,French_Francais-Latin1,0.3503093434343434,0.3426390631534923,0.014753046824887749,0.015985255241942106,0.34440191491913935
4-Spanish-Latin1,iguales,Spanish-Latin1,Spanish-Latin1,0.7287205967223194,0.27797422151249,0.3659743366681166,0.05854585458545855,0.1859908338463643
4-Italian-Latin1,libero,Italian-Latin1,Italian-Latin1,0.6179788255223038,0.3515683814303639,0.2676230227727506,0.4847879997404497,0.10112866817155756
4-German_Deutsch-Latin1,und,German_Deutsch-Latin1,English-Latin1,0.5644219318422813,0.6036721351685361,0.2889610389610389,0.27417758636488593,0.23292532549958292
5-English-Latin1,of,English-Latin1,English-Latin1,0.18384050557270779,0.17175039872408293,0.004917682274962583,0.01031390810313908,0.17093052420366192
5-French_Francais-Latin1,tutelle,French_Francais-Latin1,Italian-Latin1,0.39768471229145386,0.19556290635337056,0.1875328007463992,0.6054827560678145,0.2730008892537109
5-Spanish-Latin1,pérdida,Spanish-Latin1,Spanish-Latin1,0.2807863727944319,0.09512946275807005,0.16095475235715517,0.1884788478847885,0.18250222313427733
5-Italian-Latin1,ed,Italian-Latin1,English-Latin1,0.17587039471281996,0.3576203365617319,0.18042264752791068,0.18625063136595055,0.3419864559819413
5-German_Deutsch-Latin1,der,German_Deutsch-Latin1,Spanish-Latin1,0.564012703924204,0.4975245006612635,0.5280791941976153,0.6143306355020346,0.349120427265209
6-English-Latin1,has,English-Latin1,German_Deutsch-Latin1,0.312453872994569,0.30707450444292544,0.33930044115144453,0.14596888260254598,0.4116445675335597
6-French_Francais-Latin1,limitation,French_Francais-Latin1,English-Latin1,0.416682945628439,0.7995896602053618,0.4380712181614775,0.3897988370265598,0.2967245588980513
6-Spanish-Latin1,libremente,Spanish-Latin1,French_Francais-Latin1,0.5378955230294775,0.2542258625123717,0.6673497781710124,0.46131669416941695,0.1436633344082554
6-Italian-Latin1,nazionale,Italian-Latin1,Italian-Latin1,0.7370295309063373,0.2670159860610894,0.4094426828232496,0.28195892030929576,0.45587196851305206
6-German_Deutsch-Latin1,zu,German_Deutsch-Latin1,German_Deutsch-Latin1,0.2962971342383107,0.0,0.16666666666666666,0.16666666666666666,0.0
7-English-Latin1,of,English-Latin1,English-Latin1,0.18384050557270779,0.17175039872408293,0.004917682274962583,0.01031390810313908,0.17093052420366192
7-French_Francais-Latin1,distinction,French_Francais-Latin1,English-Latin1,0.40788794592098476,0.7719695724530029,0.40383195095831403,0.3371425807686155,0.24047128941826182
7-Spanish-Latin1,su,Spanish-Latin1,French_Francais-Latin1,0.029875374770662728,0.024352686209649824,0.19259748116372435,0.04990832416574991,0.18349180290489545
7-Italian-Latin1,in,Italian-Latin1,English-Latin1,0.2843390671620412,0.7251442194571321,0.43839481102333,0.44404453630453206,0.7080401821141192
7-German_Deutsch-Latin1,der,German_Deutsch-Latin1,Spanish-Latin1,0.564012703924204,0.4975245006612635,0.5280791941976153,0.6143306355020346,0.349120427265209
8-English-Latin1,the,English-Latin1,English-Latin1,0.5694911728345757,0.1486671223513329,0.15183725831577016,0.28882602545968883,0.28614425454154574
8-French_Francais-Latin1,enfants,French_Francais-Latin1,French_Francais-Latin1,0.5688672621834295,0.2951677831705463,0.12757939576482677,0.0093976561835288,0.1931256821825082
8-Spanish-Latin1,caso,Spanish-Latin1,Italian-Latin1,0.36235220554797637,0.16965395802440972,0.10615643343363093,0.6728996443333654,0.2500940556809631
8-Italian-Latin1,costituisce,Italian-Latin1,Italian-Latin1,0.4592743140693482,0.24230029276453366,0.24166831088968907,0.24760957878982254,0.06671682969651367
8-German_Deutsch-Latin1,werden,German_Deutsch-Latin1,German_Deutsch-Latin1,0.4382685135365074,0.20883906755596646,0.2,0.2,0.1
9-English-Latin1,members,English-Latin1,English-Latin1,0.5986363735724349,0.4435232476018091,0.11882430163379488,0.16142042775706142,0.13707210772673528
9-French_Francais-Latin1,l,French_Francais-Latin1,Italian-Latin1,0.6249637805624841,0.20313676286072774,0.21975625400898013,0.6452145214521452,0.20225733634311513
9-Spanish-Latin1,la,Spanish-Latin1,French_Francais-Latin1,0.6187284121801275,0.2492806357172731,0.7377039853673247,0.6927052229032427,0.23521444695259594
9-Italian-Latin1,essere,Italian-Latin1,Italian-Latin1,0.6373542750433507,0.5078306289033313,0.33234779141529713,0.23131559621087466,0.5580904243138025
9-German_Deutsch-Latin1,bessere,German_Deutsch-Latin1,Italian-Latin1,0.3652778210925724,0.33657421624799294,0.18214441061331013,0.18222636888448304,0.5474074680195292
10-English-Latin1,old,English-Latin1,English-Latin1,0.44229217110573044,0.14721462747778538,0.14707229909282507,0.14974068835454973,0.2893690207459959
10-French_Francais-Latin1,de,French_Francais-Latin1,Spanish-Latin1,0.5659047811254172,0.41377858410480745,0.7658334064754011,0.4073071651427438,0.41944147426504563
10-Spanish-Latin1,un,Spanish-Latin1,French_Francais-Latin1,0.3266070538102362,0.32709117524048514,0.7274720893141945,0.6534666431903736,0.34348188215473874
10-Italian-Latin1,della,Italian-Latin1,Italian-Latin1,0.5931632696257149,0.16474127829209387,0.2996171510425897,0.5701369247678197,0.1685165383989193
10-German_Deutsch-Latin1,Artikel,German_Deutsch-Latin1,French_Francais-Latin1,0.19527875793930838,0.36412555701555793,0.3768059301313667,0.2871322772467962,0.3764563553129507
11-English-Latin1,for,English-Latin1,Spanish-Latin1,0.38871461748854974,0.2497579175210754,0.43657656006597634,0.3539111053962539,0.4097860685712531
11-French_Francais-Latin1,des,French_Francais-Latin1,German_Deutsch-Latin1,0.445990748395206,0.4975245006612635,0.5825846037560029,0.06340614155092324,0.6573079839776851
11-Spanish-Latin1,violen,Spanish-Latin1,English-Latin1,0.23856880427521707,0.45025094102885815,0.42940874914559124,0.26616640611429565,0.30421369450714825
11-Italian-Latin1,manifestare,Italian-Latin1,Spanish-Latin1,0.2876909395270977,0.5363969433605569,0.4627414210011833,0.6087617528220479,0.16242430757103443
11-German_Deutsch-Latin1,darf,German_Deutsch-Latin1,German_Deutsch-Latin1,0.16917013181681106,0.12790150564617314,0.1526074893673578,0.01852148813341886,0.028328734512795543
12-English-Latin1,right,English-Latin1,English-Latin1,0.7063644493221958,0.11656034024455078,0.0023519350010690614,0.077000366703337,0.22673689490845245
12-French_Francais-Latin1,et,French_Francais-Latin1,French_Francais-Latin1,0.3503093434343434,0.3426390631534923,0.014753046824887749,0.015985255241942106,0.34440191491913935
12-Spanish-Latin1,en,Spanish-Latin1,French_Francais-Latin1,0.546433893741586,0.3744742691460016,0.6479697879362012,0.18389570300313615,0.35406375066793166
12-Italian-Latin1,Dichiarazione,Italian-Latin1,Italian-Latin1,0.7748648295705685,0.20486302968404968,0.1308430668918285,0.1667501171557316,0.14277500949292632
12-German_Deutsch-Latin1,der,German_Deutsch-Latin1,Spanish-Latin1,0.564012703924204,0.4975245006612635,0.5280791941976153,0.6143306355020346,0.349120427265209
13-English-Latin1,if,English-Latin1,French_Francais-Latin1,0.1760887772194305,0.3376196172248804,0.005772931366260423,0.014741474147414743,0.17431652871833458
13-French_Francais-Latin1,qui,French_Francais-Latin1,French_Francais-Latin1,0.44345859702570706,0.0,0.2879134976633373,0.43036303630363043,0.14285714285714285
13-Spanish-Latin1,sindicarse,Spanish-Latin1,Spanish-Latin1,0.5272081950726465,0.21904076162231748,0.2204728121243548,0.27444178483782444,0.2529088246215786
13-Italian-Latin1,e,Italian-Latin1,Spanish-Latin1,0.20912232204561162,0.21116687578419074,0.21650717703349281,0.6249500330014595,0.21038374717832956
13-German_Deutsch-Latin1,Jeder,German_Deutsch-Latin1,German_Deutsch-Latin1,0.8153460233141508,0.3337515683814304,0.33379851143009037,0.33390349939419856,0.2222222222222222
14-English-Latin1,to,English-Latin1,Spanish-Latin1,0.3541623932325213,0.11462144666479034,0.40843598504186795,0.342014201420142,0.1671682969651367
14-French_Francais-Latin1,reconnaissance,French_Francais-Latin1,French_Francais-Latin1,0.6935365224053851,0.2882571936801031,0.258631474956042,0.13072240557389073,0.15480877667233323
14-Spanish-Latin1,y,Spanish-Latin1,French_Francais-Latin1,0.2,0.2,0.8002392344497608,0.0,0.0
14-Italian-Latin1,ha,Italian-Latin1,Spanish-Latin1,0.3342409802586794,0.2452607859999342,0.19158692185007975,0.5791838480100187,0.31358532878915296
14-German_Deutsch-Latin1,Gesetz,German_Deutsch-Latin1,German_Deutsch-Latin1,0.4516487975988669,0.027607695524884984,0.0003588516746411483,0.13801314945477872,0.01021380398909456
15-English-Latin1,right,English-Latin1,English-Latin1,0.7063644493221958,0.11656034024455078,0.0023519350010690614,0.077000366703337,0.22673689490845245
15-French_Francais-Latin1,doués,French_Francais-Latin1,French_Francais-Latin1,0.24334543254688443,0.11369022724104279,0.1285366570805955,0.019716616470390205,0.126996070562662
15-Spanish-Latin1,privada,Spanish-Latin1,Spanish-Latin1,0.6258867269856953,0.23942570705431435,0.20701561864129328,0.39678071960129435,0.452199192831247
15-Italian-Latin1,legalmente,Italian-Latin1,Spanish-Latin1,0.4685784159930777,0.15565443394094314,0.2909851739738958,0.47088542776140135,0.17699666774158876
15-German_Deutsch-Latin1,zu,German_Deutsch-Latin1,German_Deutsch-Latin1,0.2962971342383107,0.0,0.16666666666666666,0.16666666666666666,0.0
16-English-Latin1,housing,English-Latin1,English-Latin1,0.39212816560814223,0.054915180513266645,0.024360020992477693,0.0019801980198019802,0.18887185491886063
16-French_Francais-Latin1,international,French_Francais-Latin1,English-Latin1,0.6341146107043175,0.7651005572109969,0.5154297902066745,0.4134113850366599,0.6351715539623553
16-Spanish-Latin1,su,Spanish-Latin1,French_Francais-Latin1,0.029875374770662728,0.024352686209649824,0.19259748116372435,0.04990832416574991,0.18349180290489545
16-Italian-Latin1,le,Italian-Latin1,French_Francais-Latin1,0.3579345177928103,0.35594730238393973,0.6454405017245307,0.5876215536654921,0.4129922247303737
16-German_Deutsch-Latin1,oder,German_Deutsch-Latin1,Spanish-Latin1,0.3758971291866029,0.38707653701380174,0.3788127990430622,0.5036882617062219,0.2577354310773543
17-English-Latin1,not,English-Latin1,German_Deutsch-Latin1,0.2047354790972993,0.24625768967874231,0.026345744626693954,0.031160258883031162,0.6044424993473687
17-French_Francais-Latin1,aucune,French_Francais-Latin1,French_Francais-Latin1,0.3227234490010515,0.21630532513118528,0.21198138607550981,0.3115213456829554,0.24558043454893
17-Spanish-Latin1,los,Spanish-Latin1,Spanish-Latin1,0.7272544938505204,0.14509768775766266,0.3079848916963254,0.01642307087851642,0.15399333548317748
17-Italian-Latin1,conforme,Italian-Latin1,Spanish-Latin1,0.5076796764309247,0.33065314373344484,0.707620469147192,0.7352954492707541,0.2917293704539754
17-German_Deutsch-Latin1,Land,German_Deutsch-Latin1,German_Deutsch-Latin1,0.6646907366461072,0.4473771434546215,0.1821241428716474,0.21039960680756062,0.17131463146314632
18-English-Latin1,have,English-Latin1,English-Latin1,0.42621035682791636,0.1436901913875598,0.421887886007514,0.3777227722772277,0.23518899659186474
18-French_Francais-Latin1,ses,French_Francais-Latin1,Spanish-Latin1,0.45537865748709117,0.459185419348531,0.4891105609275056,0.038330630551281185,0.4793566102821182
18-Spanish-Latin1,objeto,Spanish-Latin1,Spanish-Latin1,0.32163078930202216,0.21225863220844401,0.2328541608030772,0.30618834486188345,0.10844066746337362
18-Italian-Latin1,diritto,Italian-Latin1,Italian-Latin1,0.6096113109702458,0.23639259667748858,0.06887867913585617,0.2077047265134034,0.12974319648906796
18-German_Deutsch-Latin1,gemacht,German_Deutsch-Latin1,German_Deutsch-Latin1,0.3445891962847502,0.2069160868408045,0.09123531970421923,0.034557408595253365,0.009285276353722328
19-English-Latin1,against,English-Latin1,German_Deutsch-Latin1,0.1958663606879837,0.19068386004549992,0.009155052772756429,0.00988744035693892,0.2821670428893905
19-French_Francais-Latin1,de,French_Francais-Latin1,Spanish-Latin1,0.5659047811254172,0.41377858410480745,0.7658334064754011,0.4073071651427438,0.41944147426504563
19-Spanish-Latin1,sin,Spanish-Latin1,Spanish-Latin1,0.4406910565033138,0.29522438038749205,0.2980884813915667,0.3345978553899346,0.3629605063860143
19-Italian-Latin1,e,Italian-Latin1,Spanish-Latin1,0.20912232204561162,0.21116687578419074,0.21650717703349281,0.6249500330014595,0.21038374717832956
19-German_Deutsch-Latin1,damit,German_Deutsch-Latin1,German_Deutsch-Latin1,0.26331017058583345,0.2248013383521539,0.2467622127709847,0.01646354500748343,0.02518109734470715
20-English-Latin1,race,English-Latin1,French_Francais-Latin1,0.5082832215360066,0.7034988038277512,0.2677974420277178,0.4016254125412541,0.13470863640163866
20-French_Francais-Latin1,de,French_Francais-Latin1,Spanish-Latin1,0.5659047811254172,0.41377858410480745,0.7658334064754011,0.4073071651427438,0.41944147426504563
20-Spanish-Latin1,su,Spanish-Latin1,French_Francais-Latin1,0.029875374770662728,0.024352686209649824,0.19259748116372435,0.04990832416574991,0.18349180290489545
20-Italian-Latin1,arbitrariamente,Italian-Latin1,Spanish-Latin1,0.6078453600207123,0.46670953099581414,0.4790449725661507,0.8050189374536589,0.1346031926415312
20-German_Deutsch-Latin1,grundlegende,German_Deutsch-Latin1,German_Deutsch-Latin1,0.6962089062763342,0.1422548097030531,0.21897428229665072,0.1409457184092367,0.12866623618883627
21-English-Latin1,in,English-Latin1,German_Deutsch-Latin1,0.4255371481164112,0.43839481102333,0.44404453630453206,0.6677548165264288,0.7080401821141192
21-French_Francais-Latin1,protection,French_Francais-Latin1,English-Latin1,0.4095045595045595,0.7920317630256688,0.3746737309307662,0.3087405401697302,0.24645582838101382
21-Spanish-Latin1,Naciones,Spanish-Latin1,Spanish-Latin1,0.7756632235793067,0.20593398489951353,0.2784988038277512,0.021207120712071207,0.31528987065104447
21-Italian-Latin1,fondamentali,Italian-Latin1,Italian-Latin1,0.610879798090063,0.2706172744770508,0.4923894407858223,0.3136212926479123,0.06990640499992322
21-German_Deutsch-Latin1,seine,German_Deutsch-Latin1,German_Deutsch-Latin1,0.6985348078527118,0.35714421504885746,0.416712497021027,0.2693082140547266,0.3552095380478219
22-English-Latin1,by,English-Latin1,English-Latin1,0.1722503160556258,0.1672647527910686,0.16741500962155229,0.00055005500550055,0.0056433408577878106
22-French_Francais-Latin1,loi,French_Francais-Latin1,French_Francais-Latin1,0.35004330000876965,0.0022405449005198064,0.18479806640715649,0.3021373565928021,0.15399333548317748
22-Spanish-Latin1,tanto,Spanish-Latin1,Italian-Latin1,0.4562970273399579,0.3505934830533819,0.23164305594646153,0.6525885921925526,0.1670010868656467
22-Italian-Latin1,ogni,Italian-Latin1,Italian-Latin1,0.8302348975752508,0.012076537013801757,0.2538127990430622,0.25368826170622194,0.12819789315274643
22-German_Deutsch-Latin1,Vertreter,German_Deutsch-Latin1,German_Deutsch-Latin1,0.4402900080744843,0.23096226232989092,0.23690782901309218,0.24518269339610319,0.20474338931868896
23-English-Latin1,rest,English-Latin1,French_Francais-Latin1,0.5012102320693788,0.5056727168712294,0.15632558055585638,0.05193791254125413,0.37331974751274977
23-French_Francais-Latin1,en,French_Francais-Latin1,Spanish-Latin1,0.3634807873169421,0.3744742691460016,0.7047288922355158,0.18389570300313615,0.35406375066793166
23-Spanish-Latin1,para,Spanish-Latin1,French_Francais-Latin1,0.30129496730137323,0.21424895723829224,0.36232141090117465,0.3284956101787785,0.12594055680963132
23-Italian-Latin1,insegnamento,Italian-Latin1,Italian-Latin1,0.3835370879120879,0.29844423381157603,0.1043019002875949,0.36655609187050203,0.10301506829279466
23-German_Deutsch-Latin1,unparteiischen,German_Deutsch-Latin1,German_Deutsch-Latin1,0.3627716911602454,0.22014150285793951,0.16792929292929293,0.1806986909937519,0.12391540436094892
24-English-Latin1,fully,English-Latin1,English-Latin1,0.35061764604395984,0.11670986177565126,0.16622621338464827,0.009607627429409607,0.00636422113365035
24-French_Francais-Latin1,Déclaration,French_Francais-Latin1,English-Latin1,0.5529157752125949,0.5801188982493877,0.20987812700449007,0.14407040704070406,0.2857214518614067
24-Spanish-Latin1,que,Spanish-Latin1,French_Francais-Latin1,0.14285714285714285,0.2857142857142857,0.770522898154477,0.36269386337129955,0.14285714285714285
24-Italian-Latin1,ed,Italian-Latin1,English-Latin1,0.17587039471281996,0.3576203365617319,0.18042264752791068,0.18625063136595055,0.3419864559819413
24-German_Deutsch-Latin1,schützen,German_Deutsch-Latin1,German_Deutsch-Latin1,0.35011203069157365,0.17316119158967339,0.17244816586921852,0.17238614496472096,0.1357091478378607
25-English-Latin1,effective,English-Latin1,French_Francais-Latin1,0.3127801918522764,0.49020107100550686,0.3161736470295468,0.3931413003527678,0.08091682583781906
25-French_Francais-Latin1,proclamé,French_Francais-Latin1,French_Francais-Latin1,0.4257709298464591,0.2577672155934389,0.33753601941922734,0.3989904003129611,0.025627037873087535
25-Spanish-Latin1,los,Spanish-Latin1,Spanish-Latin1,0.7272544938505204,0.14509768775766266,0.3079848916963254,0.01642307087851642,0.15399333548317748
25-Italian-Latin1,e,Italian-Latin1,Spanish-Latin1,0.20912232204561162,0.21116687578419074,0.21650717703349281,0.6249500330014595,0.21038374717832956
25-German_Deutsch-Latin1,Die,German_Deutsch-Latin1,German_Deutsch-Latin1,0.7328056097563901,0.21181021494697783,0.4606188767372978,0.4621074273782053,0.39888623522773825
26-English-Latin1,recourse,English-Latin1,French_Francais-Latin1,0.2754308922704781,0.48940120393209635,0.387947212434063,0.2794169416941694,0.3155464983418332
26-French_Francais-Latin1,le,French_Francais-Latin1,Italian-Latin1,0.5581680596514644,0.35594730238393973,0.5876215536654921,0.6191602493582692,0.4129922247303737
26-Spanish-Latin1,no,Spanish-Latin1,English-Latin1,0.337467362924282,0.6662539347113078,0.02063397129186603,0.36968696869686973,0.199627360349708
26-Italian-Latin1,in,Italian-Latin1,English-Latin1,0.2843390671620412,0.7251442194571321,0.43839481102333,0.44404453630453206,0.7080401821141192
26-German_Deutsch-Latin1,Treuhandschaft,German_Deutsch-Latin1,German_Deutsch-Latin1,0.39043936662984285,0.07350526421654147,0.06516793320198894,0.009728094787198608,0.009627629429609628
27-English-Latin1,Everyone,English-Latin1,English-Latin1,0.48794387170675835,0.17354465709728864,0.17404319007911054,0.257992627620971,0.17099322799097064
27-French_Francais-Latin1,droits,French_Francais-Latin1,French_Francais-Latin1,0.3134796238244514,0.3023212045169385,0.11481719050673508,0.016105610561056104,0.2142964635063958
27-Spanish-Latin1,opiniones,Spanish-Latin1,French_Francais-Latin1,0.5909549767817485,0.5176215252752266,0.6098878160023671,0.45022917992536876,0.23273716501707473
27-Italian-Latin1,donna,Italian-Latin1,Italian-Latin1,0.3901344830550603,0.11369022724104279,0.14722517573394767,0.2396477681917066,0.126996070562662
27-German_Deutsch-Latin1,seiner,German_Deutsch-Latin1,German_Deutsch-Latin1,0.5824035337034381,0.2214297935439717,0.22504124731892428,0.34237739264925393,0.2196885842430397
28-English-Latin1,fundamental,English-Latin1,Spanish-Latin1,0.1515841699925035,0.4710360180754918,0.7454764687715297,0.3928016134946828,0.13715186601352353
28-French_Francais-Latin1,et,French_Francais-Latin1,French_Francais-Latin1,0.3503093434343434,0.3426390631534923,0.014753046824887749,0.015985255241942106,0.34440191491913935
28-Spanish-Latin1,ultrajantes,Spanish-Latin1,French_Francais-Latin1,0.2845520198600767,0.20083647009619407,0.3015151515151515,0.07023694677160024,0.2053172811637823
28-Italian-Latin1,e,Italian-Latin1,Spanish-Latin1,0.20912232204561162,0.21116687578419074,0.21650717703349281,0.6249500330014595,0.21038374717832956
28-German_Deutsch-Latin1,hat,German_Deutsch-Latin1,English-Latin1,0.38559807038701893,0.4959378165713722,0.30707450444292544,0.053586155437158826,0.14596888260254598
29-English-Latin1,at,English-Latin1,English-Latin1,0.3585854854354218,0.3507861175174693,0.018907405667250906,0.02457858689094716,0.35063957863054923
29-French_Francais-Latin1,pacifiques,French_Francais-Latin1,French_Francais-Latin1,0.33404997686807064,0.150999404136167,0.3064874915227223,0.2030178996939959,0.14339460389121791
29-Spanish-Latin1,derecho,Spanish-Latin1,Spanish-Latin1,0.7443617080037577,0.22569740951171316,0.06332312358030062,0.13125845371422387,0.29836324030527384
29-Italian-Latin1,popolare,Italian-Latin1,Italian-Latin1,0.6175761650310249,0.2572470525732759,0.18796301262446094,0.2746531177205361,0.18396037120642086
29-German_Deutsch-Latin1,Arbeitslosigkeit,German_Deutsch-Latin1,German_Deutsch-Latin1,0.4832088662762056,0.12120014140254516,0.12175939060450976,0.021256085819071235,0.021567124454380922
30-English-Latin1,rights,English-Latin1,English-Latin1,0.8075873221216042,0.2049043062200957,0.10211674150096214,0.0693003300330033,0.2040632054176072
30-French_Francais-Latin1,déclarés,French_Francais-Latin1,French_Francais-Latin1,0.5369665763872046,0.0852676704307821,0.09568099208894591,0.013421342134213421,0.09524705292199649
30-Spanish-Latin1,libertades,Spanish-Latin1,French_Francais-Latin1,0.28815314868789166,0.4654059867359742,0.47687358769482185,0.27796210233268226,0.21509190583682683
30-Italian-Latin1,alla,Italian-Latin1,Italian-Latin1,0.5443662587412588,0.25196060378240265,0.26129102698702283,0.39793851603387764,0.25039916867500533
30-German_Deutsch-Latin1,Freiheit,German_Deutsch-Latin1,German_Deutsch-Latin1,0.7687928508098482,0.26873817748021644,0.17346989633173845,0.008002993371819542,0.01276127612761276
31-English-Latin1,rights,English-Latin1,English-Latin1,0.8075873221216042,0.2049043062200957,0.10211674150096214,0.0693003300330033,0.2040632054176072
31-French_Francais-Latin1,quant,French_Francais-Latin1,French_Francais-Latin1,0.4464831804281345,0.3333333333333333,0.11282160929370678,0.3132843108872291,0.2222222222222222
31-Spanish-Latin1,a,Spanish-Latin1,French_Francais-Latin1,0.6163575350823673,0.645566115849415,0.6569145640425459,0.6475588203981688,0.622216769718978
31-Italian-Latin1,ogni,Italian-Latin1,Italian-Latin1,0.8302348975752508,0.012076537013801757,0.2538127990430622,0.25368826170622194,0.12819789315274643
31-German_Deutsch-Latin1,und,German_Deutsch-Latin1,English-Latin1,0.5644219318422813,0.6036721351685361,0.2889610389610389,0.27417758636488593,0.23292532549958292
32-English-Latin1,set,English-Latin1,German_Deutsch-Latin1,0.31336499774620613,0.3214874961698918,0.06053913235607707,0.028126548918628126,0.33649946742497533
32-French_Francais-Latin1,au,French_Francais-Latin1,German_Deutsch-Latin1,0.37828871626452737,0.02717554188530877,0.18663564345918296,0.019202242804925655,0.40136421631170877
32-Spanish-Latin1,en,Spanish-Latin1,French_Francais-Latin1,0.546433893741586,0.3744742691460016,0.6479697879362012,0.18389570300313615,0.35406375066793166
32-Italian-Latin1,ore,Italian-Latin1,English-Latin1,0.4424150123313134,0.4720577862718031,0.3040773725758246,0.3054573922605269,0.2977723820905337
32-German_Deutsch-Latin1,dem,German_Deutsch-Latin1,German_Deutsch-Latin1,0.49949783620478483,0.21181021494697783,0.09950776562618668,0.14918225731017815,0.06340614155092324
33-English-Latin1,resources,English-Latin1,French_Francais-Latin1,0.2924114248632075,0.6034909026899874,0.2500465111112962,0.03196179233307946,0.30665830616169215
33-French_Francais-Latin1,monde,French_Francais-Latin1,Italian-Latin1,0.35842100665194,0.2360787476847703,0.23639779316495158,0.3962334328670962,0.33684474542262355
33-Spanish-Latin1,por,Spanish-Latin1,Italian-Latin1,0.3064553581311812,0.2981378044113301,0.16916108286642287,0.33620678670183624,0.31536063635386435
33-Italian-Latin1,senza,Italian-Latin1,Italian-Latin1,0.4601284159423694,0.13492199282663525,0.13893471924324918,0.3804193251658377,0.1506106968860919
33-German_Deutsch-Latin1,nach,German_Deutsch-Latin1,German_Deutsch-Latin1,0.555747108947048,0.4339009773492703,0.04274820574162679,0.1575610735569042,0.03181068106810681
34-English-Latin1,the,English-Latin1,English-Latin1,0.5694911728345757,0.1486671223513329,0.15183725831577016,0.28882602545968883,0.28614425454154574
34-French_Francais-Latin1,Déclaration,French_Francais-Latin1,English-Latin1,0.5529157752125949,0.5801188982493877,0.20987812700449007,0.14407040704070406,0.2857214518614067
34-Spanish-Latin1,y,Spanish-Latin1,French_Francais-Latin1,0.2,0.2,0.8002392344497608,0.0,0.0
34-Italian-Latin1,cercare,Italian-Latin1,Italian-Latin1,0.3700842696629213,0.3667731264970913,0.2030247350932499,0.27946760744066707,0.18188658594979135
34-German_Deutsch-Latin1,hat,German_Deutsch-Latin1,English-Latin1,0.38559807038701893,0.4959378165713722,0.30707450444292544,0.053586155437158826,0.14596888260254598
35-English-Latin1,national,English-Latin1,English-Latin1,0.7472050075839647,0.7319806120005498,0.4361116055990221,0.3267626762676268,0.6084446325558064
35-French_Francais-Latin1,libres,French_Francais-Latin1,Spanish-Latin1,0.6116886637543761,0.3515683814303639,0.6599432792435553,0.11771837183718373,0.20112866817155756
35-Spanish-Latin1,La,Spanish-Latin1,Spanish-Latin1,0.7612272844479969,0.2492806357172731,0.7377039853673247,0.6927052229032427,0.23521444695259594
35-Italian-Latin1,di,Italian-Latin1,Italian-Latin1,0.2623463039834408,0.08044525077147412,0.2040553561935141,0.20579199860790623,0.23786252689662457
35-German_Deutsch-Latin1,sowie,German_Deutsch-Latin1,French_Francais-Latin1,0.2550966787617273,0.13365936656400898,0.26920291847696565,0.2454245172738336,0.2535951031000536
36-English-Latin1,rights,English-Latin1,English-Latin1,0.8075873221216042,0.2049043062200957,0.10211674150096214,0.0693003300330033,0.2040632054176072
36-French_Francais-Latin1,et,French_Francais-Latin1,French_Francais-Latin1,0.3503093434343434,0.3426390631534923,0.014753046824887749,0.015985255241942106,0.34440191491913935
36-Spanish-Latin1,jurídica,Spanish-Latin1,Spanish-Latin1,0.37811425153282485,0.1864247873971839,0.2106663438900281,0.3333333333333333,0.08521444695259595
36-Italian-Latin1,momento,Italian-Latin1,Spanish-Latin1,0.41868084966676516,0.28406442992390296,0.3206004714532265,0.7047800125895058,0.09378206443669197
36-German_Deutsch-Latin1,Niemand,German_Deutsch-Latin1,German_Deutsch-Latin1,0.6740106893865435,0.27489449070377553,0.10381687690300131,0.10969476678264362,0.09420942094209422
37-English-Latin1,with,English-Latin1,English-Latin1,0.6105683016877637,0.0,0.0,0.0,0.16354474156392892
37-French_Francais-Latin1,devant,French_Francais-Latin1,French_Francais-Latin1,0.7360492134036323,0.3659142092864139,0.10442758011712469,0.05307995125955931,0.25166488455902736
37-Spanish-Latin1,igual,Spanish-Latin1,Spanish-Latin1,0.6867604268479598,0.3397462707374878,0.2250797448165869,0.23204987165383203,0.2273221302566675
37-Italian-Latin1,paese,Italian-Latin1,Italian-Latin1,0.36341302942151266,0.3459990731007042,0.2580904123835357,0.24924509263322944,0.33416938383078343
37-German_Deutsch-Latin1,Rechte,German_Deutsch-Latin1,German_Deutsch-Latin1,0.7369317837700191,0.25886294862418563,0.2932338256708966,0.31553665492087557,0.2353003300330033
38-English-Latin1,right,English-Latin1,English-Latin1,0.7063644493221958,0.11656034024455078,0.0023519350010690614,0.077000366703337,0.22673689490845245
38-French_Francais-Latin1,ce,French_Francais-Latin1,French_Francais-Latin1,0.5441941941941942,0.33908406524466744,0.345690613641223,0.3479007124013372,0.16679207424128417
38-Spanish-Latin1,la,Spanish-Latin1,French_Francais-Latin1,0.6187284121801275,0.2492806357172731,0.7377039853673247,0.6927052229032427,0.23521444695259594
38-Italian-Latin1,o,Italian-Latin1,Spanish-Latin1,0.20644295302013424,0.21932245922208282,0.006100478468899521,0.6928577404690855,0.2051166290443943
38-German_Deutsch-Latin1,muß,German_Deutsch-Latin1,German_Deutsch-Latin1,0.2900204543007859,0.002509410288582183,0.002648667122351333,0.018225734069223485,0.0077423048427291705
39-English-Latin1,Declaration,English-Latin1,French_Francais-Latin1,0.40190208095705593,0.6022610207112206,0.4712286927028818,0.16388904963197676,0.3106337325631611
39-French_Francais-Latin1,comme,French_Francais-Latin1,French_Francais-Latin1,0.5892733566300037,0.40720082464122614,0.33917835781209743,0.3892556873574495,0.2223058272719672
39-Spanish-Latin1,los,Spanish-Latin1,Spanish-Latin1,0.7272544938505204,0.14509768775766266,0.3079848916963254,0.01642307087851642,0.15399333548317748
39-Italian-Latin1,della,Italian-Latin1,Italian-Latin1,0.5931632696257149,0.16474127829209387,0.2996171510425897,0.5701369247678197,0.1685165383989193
39-German_Deutsch-Latin1,vor,German_Deutsch-Latin1,English-Latin1,0.18197339358704206,0.3575013443269403,0.195073723269212,0.329288867567553,0.3250998784088935
40-English-Latin1,foundation,English-Latin1,French_Francais-Latin1,0.3550444215320469,0.36975539034583005,0.14685970860441674,0.17046204620462047,0.30438283020399387
40-French_Francais-Latin1,une,French_Francais-Latin1,French_Francais-Latin1,0.5722183222183223,0.43825860133394967,0.4170347292220288,0.5186396112138686,0.44139106382494087
40-Spanish-Latin1,podrá,Spanish-Latin1,Spanish-Latin1,0.3679724740269396,0.009662736764367881,0.02045862000721778,0.02816083410142816,0.02305827271967227
40-Italian-Latin1,inumani,Italian-Latin1,Italian-Latin1,0.4033145680455253,0.07046434008956512,0.3300335332854527,0.2497818682873205,0.14724269673757148
40-German_Deutsch-Latin1,Freizeit,German_Deutsch-Latin1,German_Deutsch-Latin1,0.4988453815261044,0.26873817748021644,0.17346989633173845,0.008002993371819542,0.01276127612761276
41-English-Latin1,person,English-Latin1,German_Deutsch-Latin1,0.5845361513424392,0.6935538131992224,0.7101694798045415,0.48353975779933583,0.7907524454477051
41-French_Francais-Latin1,cette,French_Francais-Latin1,Italian-Latin1,0.23724186124966865,0.22605604349644498,0.23046040909414867,0.34304491937866927,0.2223058272719672
41-Spanish-Latin1,al,Spanish-Latin1,Italian-Latin1,0.3527468511021143,0.3692808050432035,0.34838803598269713,0.6074818126973988,0.38324827428272323
41-Italian-Latin1,nell,Italian-Latin1,Italian-Latin1,0.6087136973859651,0.3878483457703229,0.16320275119617225,0.13694141543724608,0.25329194883370953
41-German_Deutsch-Latin1,Gedankengut,German_Deutsch-Latin1,German_Deutsch-Latin1,0.1799263685195244,0.15173846368325664,0.1335725677830941,0.025342099636519136,0.006809202659396374
42-English-Latin1,service,English-Latin1,French_Francais-Latin1,0.5688986706520313,0.5819278294529903,0.4723367046412675,0.34906754411704904,0.12322693381589338
42-French_Francais-Latin1,des,French_Francais-Latin1,German_Deutsch-Latin1,0.445990748395206,0.4975245006612635,0.5825846037560029,0.06340614155092324,0.6573079839776851
42-Spanish-Latin1,partir,Spanish-Latin1,French_Francais-Latin1,0.34123874744761246,0.3880658324573004,0.5840948782672192,0.2694631548096894,0.10075244544770505
42-Italian-Latin1,e,Italian-Latin1,Spanish-Latin1,0.20912232204561162,0.21116687578419074,0.21650717703349281,0.6249500330014595,0.21038374717832956
42-German_Deutsch-Latin1,Freiheit,German_Deutsch-Latin1,German_Deutsch-Latin1,0.7687928508098482,0.26873817748021644,0.17346989633173845,0.008002993371819542,0.01276127612761276
43-English-Latin1,of,English-Latin1,English-Latin1,0.18384050557270779,0.17175039872408293,0.004917682274962583,0.01031390810313908,0.17093052420366192
43-French_Francais-Latin1,délictueux,French_Francais-Latin1,French_Francais-Latin1,0.22980067196485107,0.07308657465495608,0.010583707504810776,0.011504007543611503,0.010211759647425562
43-Spanish-Latin1,derecho,Spanish-Latin1,Spanish-Latin1,0.7443617080037577,0.22569740951171316,0.06332312358030062,0.13125845371422387,0.29836324030527384
43-Italian-Latin1,individuo,Italian-Latin1,Spanish-Latin1,0.2846115999594857,0.44890106166086746,0.41254316721786827,0.7221004948856512,0.12458997416256047
43-German_Deutsch-Latin1,der,German_Deutsch-Latin1,Spanish-Latin1,0.564012703924204,0.4975245006612635,0.5280791941976153,0.6143306355020346,0.349120427265209
44-English-Latin1,moral,English-Latin1,Spanish-Latin1,0.3435030232415854,0.2529561317761657,0.3475089042760627,0.24808528471894808,0.22573363431151242
44-French_Francais-Latin1,droits,French_Francais-Latin1,French_Francais-Latin1,0.3134796238244514,0.3023212045169385,0.11481719050673508,0.016105610561056104,0.2142964635063958
44-Spanish-Latin1,pleno,Spanish-Latin1,Spanish-Latin1,0.45506801076141634,0.3414945685961997,0.053440507003703314,0.34147414741474147,0.11194716160856116
44-Italian-Latin1,cittadinanza,Italian-Latin1,Italian-Latin1,0.3807955932955933,0.06579288810311396,0.06741455692300104,0.2552589801154586,0.06254702784048156
44-German_Deutsch-Latin1,und,German_Deutsch-Latin1,English-Latin1,0.5644219318422813,0.6036721351685361,0.2889610389610389,0.27417758636488593,0.23292532549958292
45-English-Latin1,equality,English-Latin1,English-Latin1,0.5896110833610834,0.09021132376395534,0.17585478428200907,0.1481252976043873,0.004326561324303988
45-French_Francais-Latin1,études,French_Francais-Latin1,English-Latin1,0.22400833333333336,0.4,0.3000641436818473,0.0,0.3
45-Spanish-Latin1,y,Spanish-Latin1,French_Francais-Latin1,0.2,0.2,0.8002392344497608,0.0,0.0
45-Italian-Latin1,dignità,Italian-Latin1,French_Francais-Latin1,0.4140122763362093,0.34334446833524257,0.4143332245904016,0.22588654469522157,0.038834105579977025
45-German_Deutsch-Latin1,der,German_Deutsch-Latin1,Spanish-Latin1,0.564012703924204,0.4975245006612635,0.5280791941976153,0.6143306355020346,0.349120427265209
46-English-Latin1,relations,English-Latin1,French_Francais-Latin1,0.48070605763335617,0.7150794608938456,0.17312343418821932,0.051192561563848694,0.3128121523155383
46-French_Francais-Latin1,droit,French_Francais-Latin1,French_Francais-Latin1,0.6902553472212914,0.2248013383521539,0.01646354500748343,0.017895122845617895,0.2381071816737731
46-Spanish-Latin1,desterrado,Spanish-Latin1,Spanish-Latin1,0.3293737756719092,0.10590510747348891,0.1363196349417594,0.1745602136326045,0.18579684913169964
46-Italian-Latin1,nei,Italian-Latin1,German_Deutsch-Latin1,0.3678021893053208,0.01468382373751191,0.18651742993848258,0.1565044747854241,0.43233365580995375
46-German_Deutsch-Latin1,bilden,German_Deutsch-Latin1,German_Deutsch-Latin1,0.5546944463560664,0.2056162532574076,0.25035885167464117,0.21473472005864566,0.12033003300330034
47-English-Latin1,Article,English-Latin1,French_Francais-Latin1,0.2886155573378952,0.8219469959620878,0.33258682270134166,0.46411869297528835,0.3714574626145929
47-French_Francais-Latin1,était,French_Francais-Latin1,French_Francais-Latin1,0.37567596779024043,0.2222222222222222,7.127075760815336e-05,0.0,0.2222222222222222
47-Spanish-Latin1,las,Spanish-Latin1,Spanish-Latin1,0.44986478930441215,0.36843102109099596,0.3488012182269377,0.05803304820277946,0.3444695259593679
47-Italian-Latin1,elementari,Italian-Latin1,Italian-Latin1,0.5662907625163612,0.3804469442810645,0.23523854101657302,0.37862259632729833,0.07513705256368912
47-German_Deutsch-Latin1,Allgemeine,German_Deutsch-Latin1,German_Deutsch-Latin1,0.7017351160336182,0.2868346307328015,0.2564520154211559,0.15596486630507295,0.2803493482988852
48-English-Latin1,freedom,English-Latin1,English-Latin1,0.5952163337715735,0.007421705089169204,0.008730538223803137,0.013921392139213921,0.30791580987001815
48-French_Francais-Latin1,équivalente,French_Francais-Latin1,Italian-Latin1,0.38263258803197236,0.4666666666666667,0.6600427624545648,0.6666666666666666,0.13333333333333333
48-Spanish-Latin1,constantemente,Spanish-Latin1,Italian-Latin1,0.45756472735404813,0.4185880213299612,0.5235723341979924,0.534015776652184,0.1111529136359836
48-Italian-Latin1,persecuzioni,Italian-Latin1,Italian-Latin1,0.433335252398255,0.2293233856006618,0.24857529991618063,0.3441535439254575,0.21297027840481564
48-German_Deutsch-Latin1,auf,German_Deutsch-Latin1,German_Deutsch-Latin1,0.506982088084575,0.1661504644731218,0.18762139980428508,0.017116265822156827,0.01645906526136485
49-English-Latin1,and,English-Latin1,German_Deutsch-Latin1,0.31373638014527844,0.15473342447026656,0.15906349057192934,0.15747289014615748,0.498056598917568
49-French_Francais-Latin1,et,French_Francais-Latin1,French_Francais-Latin1,0.3503093434343434,0.3426390631534923,0.014753046824887749,0.015985255241942106,0.34440191491913935
49-Spanish-Latin1,público,Spanish-Latin1,Spanish-Latin1,0.5545472756410257,0.18603855366716093,0.007448890822096563,0.41575157515751576,0.0915931322251864
49-Italian-Latin1,sovranità,Italian-Latin1,Italian-Latin1,0.40598325949062164,0.02152749046147367,0.109448174330207,0.01606312734342324,0.02245076217988182
49-German_Deutsch-Latin1,werden,German_Deutsch-Latin1,German_Deutsch-Latin1,0.4382685135365074,0.20883906755596646,0.2,0.2,0.1
50-English-Latin1,for,English-Latin1,Spanish-Latin1,0.38871461748854974,0.2497579175210754,0.43657656006597634,0.3539111053962539,0.4097860685712531
50-French_Francais-Latin1,affilier,French_Francais-Latin1,French_Francais-Latin1,0.29894941816816817,0.2629130071099958,0.25839213170836006,0.17519251925192517,0.25865312264860796
50-Spanish-Latin1,edad,Spanish-Latin1,Spanish-Latin1,0.5139595074736585,0.26821525242129896,0.135316985645933,0.27598147874488943,0.13148984198645597
50-Italian-Latin1,individuo,Italian-Latin1,Spanish-Latin1,0.2846115999594857,0.44890106166086746,0.41254316721786827,0.7221004948856512,0.12458997416256047
50-German_Deutsch-Latin1,hat,German_Deutsch-Latin1,English-Latin1,0.38559807038701893,0.4959378165713722,0.30707450444292544,0.053586155437158826,0.14596888260254598
51-English-Latin1,the,English-Latin1,English-Latin1,0.5694911728345757,0.1486671223513329,0.15183725831577016,0.28882602545968883,0.28614425454154574
51-French_Francais-Latin1,technique,French_Francais-Latin1,English-Latin1,0.2772118034859207,0.4132260659887601,0.23952932433643515,0.1054051559002054,0.07715459859929386
51-Spanish-Latin1,Toda,Spanish-Latin1,Spanish-Latin1,0.6362619734982267,0.18694878876700488,0.21096608499859276,0.2565106510651065,0.2503762227238525
51-Italian-Latin1,consenso,Italian-Latin1,Spanish-Latin1,0.2794268092864396,0.31225487533517643,0.2324173248264005,0.47048063445593913,0.3333960371206421
51-German_Deutsch-Latin1,Meinungsfreiheit,German_Deutsch-Latin1,German_Deutsch-Latin1,0.6151225981998208,0.12052115074386091,0.118937786180995,0.015353365898587193,0.01878123526638378
52-English-Latin1,constantly,English-Latin1,English-Latin1,0.34818873070072,0.26840252492122846,0.33898340096223356,0.12483576045756994,5.3746103407502955e-05
52-French_Francais-Latin1,ne,French_Francais-Latin1,Italian-Latin1,0.3373566686783343,0.3504644610270972,0.3492552205829948,0.4302930293029303,0.33772259844494606
52-Spanish-Latin1,Considerando,Spanish-Latin1,Italian-Latin1,0.2685220088866287,0.1627625850728109,0.26254828773744743,0.5727729570670403,0.06254702784048156
52-Italian-Latin1,che,Italian-Latin1,German_Deutsch-Latin1,0.436880568625488,0.31921491306685784,0.19226873235283434,0.15202052597819113,0.5715360636353864
52-German_Deutsch-Latin1,darf,German_Deutsch-Latin1,German_Deutsch-Latin1,0.16917013181681106,0.12790150564617314,0.1526074893673578,0.01852148813341886,0.028328734512795543
53-English-Latin1,tribunal,English-Latin1,French_Francais-Latin1,0.6675595238095239,0.7736778257289093,0.7380769906656464,0.5894414441444145,0.187750815149235
53-French_Francais-Latin1,ainsi,French_Francais-Latin1,Italian-Latin1,0.2316547989330864,0.017217342813327756,0.2334117311667023,0.23645740918177843,0.12264860797592175
53-Spanish-Latin1,un,Spanish-Latin1,French_Francais-Latin1,0.3266070538102362,0.32709117524048514,0.7274720893141945,0.6534666431903736,0.34348188215473874
53-Italian-Latin1,non,Italian-Latin1,English-Latin1,0.5997121220455838,0.6583763884827082,0.6176862611073137,0.3120600303409797,0.31396630887117827
53-German_Deutsch-Latin1,Kleidung,German_Deutsch-Latin1,German_Deutsch-Latin1,0.33402359437751006,0.16682350480970307,0.0,0.0,0.0
54-English-Latin1,has,English-Latin1,German_Deutsch-Latin1,0.312453872994569,0.30707450444292544,0.33930044115144453,0.14596888260254598,0.4116445675335597
54-French_Francais-Latin1,la,French_Francais-Latin1,Spanish-Latin1,0.6425836030204962,0.2492806357172731,0.7657179942619328,0.6927052229032427,0.23521444695259594
54-Spanish-Latin1,y,Spanish-Latin1,French_Francais-Latin1,0.2,0.2,0.8002392344497608,0.0,0.0
54-Italian-Latin1,una,Italian-Latin1,Spanish-Latin1,0.47434006211180124,0.2803638644918444,0.2889610389610389,0.750368062555362,0.29716029459417165
54-German_Deutsch-Latin1,Wert,German_Deutsch-Latin1,German_Deutsch-Latin1,0.5176983574793569,0.2610488344449581,0.25,0.0,0.0
55-English-Latin1,and,English-Latin1,German_Deutsch-Latin1,0.31373638014527844,0.15473342447026656,0.15906349057192934,0.15747289014615748,0.498056598917568
55-French_Francais-Latin1,crime,French_Francais-Latin1,English-Latin1,0.34203155129995344,0.5469314643718659,0.23379374242748202,0.2340913055706865,0.2223058272719672
55-Spanish-Latin1,Artículo,Spanish-Latin1,Italian-Latin1,0.25971262654301946,0.16980326597393888,0.09540543595375282,0.2617516590368714,0.17978838834909108
55-Italian-Latin1,ai,Italian-Latin1,French_Francais-Latin1,0.1812964213369345,0.025826014219991634,0.18651753238557478,0.18345093008338678,0.18397291196388263
55-German_Deutsch-Latin1,Staatsangehörigkeit,German_Deutsch-Latin1,German_Deutsch-Latin1,0.6953839847520783,0.13256904979260553,0.13382602956894757,0.0029840756337674653,0.04462955910975713
56-English-Latin1,to,English-Latin1,Spanish-Latin1,0.3541623932325213,0.11462144666479034,0.40843598504186795,0.342014201420142,0.1671682969651367
56-French_Francais-Latin1,recours,French_Francais-Latin1,English-Latin1,0.4221217917809519,0.6489663169310779,0.24139695901897779,0.032091209120912095,0.2533234527365453
56-Spanish-Latin1,tiene,Spanish-Latin1,Italian-Latin1,0.432482482280265,0.2399434138970887,0.22674109516214783,0.5647098043137647,0.22255664242120224
56-Italian-Latin1,tutti,Italian-Latin1,Italian-Latin1,0.7372848608350697,0.016799107765230727,0.2283750820902524,0.11809564535671013,0.11144553131009112
56-German_Deutsch-Latin1,Allgemeine,German_Deutsch-Latin1,German_Deutsch-Latin1,0.7017351160336182,0.2868346307328015,0.2564520154211559,0.15596486630507295,0.2803493482988852
57-English-Latin1,property,English-Latin1,English-Latin1,0.43971502056019335,0.1681956896368718,0.18420268608589394,0.13031223939342085,0.025627037873087535
57-French_Francais-Latin1,conception,French_Francais-Latin1,French_Francais-Latin1,0.39087092585161404,0.3318863680980548,0.3643802263590589,0.2653119509337604,0.22454354202177487
57-Spanish-Latin1,dignidad,Spanish-Latin1,Italian-Latin1,0.3785126089329629,0.398065762640639,0.2964721225412015,0.402055931588475,0.11893126344831229
57-Italian-Latin1,ogni,Italian-Latin1,Italian-Latin1,0.8302348975752508,0.012076537013801757,0.2538127990430622,0.25368826170622194,0.12819789315274643
57-German_Deutsch-Latin1,Artikel,German_Deutsch-Latin1,French_Francais-Latin1,0.19527875793930838,0.36412555701555793,0.3768059301313667,0.2871322772467962,0.3764563553129507
58-English-Latin1,to,English-Latin1,Spanish-Latin1,0.3541623932325213,0.11462144666479034,0.40843598504186795,0.342014201420142,0.1671682969651367
58-French_Francais-Latin1,ou,French_Francais-Latin1,Spanish-Latin1,0.1695959595959596,0.01826655151623784,0.17158434894162924,0.00803080308030803,0.17093052420366192
58-Spanish-Latin1,su,Spanish-Latin1,French_Francais-Latin1,0.029875374770662728,0.024352686209649824,0.19259748116372435,0.04990832416574991,0.18349180290489545
58-Italian-Latin1,dalla,Italian-Latin1,Italian-Latin1,0.5380749050473822,0.11369022724104279,0.2467622127709847,0.34979687834081674,0.15682063196617077
58-German_Deutsch-Latin1,Kinder,German_Deutsch-Latin1,English-Latin1,0.36897863093082217,0.6268548724383104,0.4,0.3,0.2
59-English-Latin1,free,English-Latin1,English-Latin1,0.3899420613377602,0.13520484449760767,0.1370044900577293,0.26914191419141914,0.298384238571275
59-French_Francais-Latin1,celles,French_Francais-Latin1,French_Francais-Latin1,0.43972110742744147,0.3034504391468005,0.4074143681847338,0.00874042744080233,0.2000752445447705
59-Spanish-Latin1,contra,Spanish-Latin1,Spanish-Latin1,0.6170705221397631,0.34072316641952777,0.47632174015380746,0.5523891122596456,0.1000752445447705
59-Italian-Latin1,arbitrarie,Italian-Latin1,Italian-Latin1,0.7621112030454734,0.4874287734322074,0.566799129435014,0.7446515511701017,0.18267576144207803
59-German_Deutsch-Latin1,seine,German_Deutsch-Latin1,German_Deutsch-Latin1,0.6985348078527118,0.35714421504885746,0.416712497021027,0.2693082140547266,0.3552095380478219
60-English-Latin1,may,English-Latin1,English-Latin1,0.3485136210676236,0.19158875928824995,0.19734661319010258,0.04855863137334142,0.01471875431888331
60-French_Francais-Latin1,La,French_Francais-Latin1,Spanish-Latin1,0.73664260300205,0.2492806357172731,0.7657179942619328,0.6927052229032427,0.23521444695259594
60-Spanish-Latin1,toda,Spanish-Latin1,Spanish-Latin1,0.7498353930995848,0.18694878876700488,0.21096608499859276,0.2565106510651065,0.2503762227238525
60-Italian-Latin1,momento,Italian-Latin1,Spanish-Latin1,0.41868084966676516,0.28406442992390296,0.3206004714532265,0.7047800125895058,0.09378206443669197
60-German_Deutsch-Latin1,Recht,German_Deutsch-Latin1,German_Deutsch-Latin1,0.7136284477645823,0.28762549847131735,0.2147042507454407,0.12837406102319507,0.03922258892555922
61-English-Latin1,compulsory,English-Latin1,English-Latin1,0.30331136505805295,0.15546712963289197,0.16609517807401067,0.07715887593858017,5.3746103407502955e-05
61-French_Francais-Latin1,soient,French_Francais-Latin1,French_Francais-Latin1,0.46520622581302196,0.32029342990760806,0.020882065546450217,0.028235592790048235,0.22918599083384636
61-Spanish-Latin1,la,Spanish-Latin1,French_Francais-Latin1,0.6187284121801275,0.2492806357172731,0.7377039853673247,0.6927052229032427,0.23521444695259594
61-Italian-Latin1,un,Italian-Latin1,French_Francais-Latin1,0.42336339396934225,0.32709117524048514,0.7274720893141945,0.7087627396479225,0.34348188215473874
61-German_Deutsch-Latin1,rechtlichen,German_Deutsch-Latin1,German_Deutsch-Latin1,0.7762457784356608,0.23924196574945708,0.19548921711393108,0.2103577699472504,0.0902002200220022
62-English-Latin1,territories,English-Latin1,English-Latin1,0.6255356740940806,0.4891819119992495,0.5809254144249105,0.3969066906690669,0.200200652119388
62-French_Francais-Latin1,pénale,French_Francais-Latin1,Italian-Latin1,0.3767503011337531,0.20464240903387704,0.20928298938494408,0.40732673267326736,0.350752445447705
62-Spanish-Latin1,libre,Spanish-Latin1,French_Francais-Latin1,0.5849968845215026,0.27952042381151543,0.6465652633982942,0.3530204131524263,0.2234762979683973
62-Italian-Latin1,diritti,Italian-Latin1,Italian-Latin1,0.7355563124833389,0.05457441485930674,0.15978777004494707,0.1167956356043125,0.12974319648906796
62-German_Deutsch-Latin1,Herrschaft,German_Deutsch-Latin1,German_Deutsch-Latin1,0.43738000005520733,0.08183728709788514,0.07236842105263157,0.0012828736369467609,0.0015558698727015559
63-English-Latin1,of,English-Latin1,English-Latin1,0.18384050557270779,0.17175039872408293,0.004917682274962583,0.01031390810313908,0.17093052420366192
63-French_Francais-Latin1,prendre,French_Francais-Latin1,French_Francais-Latin1,0.3960257656781721,0.23423090185950912,0.22428171815430853,0.32627074177424337,0.20977495040700458
63-Spanish-Latin1,o,Spanish-Latin1,Italian-Latin1,0.20337881741390512,0.21932245922208282,0.006100478468899521,0.6781301143813011,0.2051166290443943
63-Italian-Latin1,arbitrariamente,Italian-Latin1,Spanish-Latin1,0.6078453600207123,0.46670953099581414,0.4790449725661507,0.8050189374536589,0.1346031926415312
63-German_Deutsch-Latin1,innerhalb,German_Deutsch-Latin1,German_Deutsch-Latin1,0.34063396776645416,0.06078917354897934,0.05144849266165526,0.0510974782943994,0.05819453070450558
64-English-Latin1,and,English-Latin1,German_Deutsch-Latin1,0.31373638014527844,0.15473342447026656,0.15906349057192934,0.15747289014615748,0.498056598917568
64-French_Francais-Latin1,sa,French_Francais-Latin1,Spanish-Latin1,0.19434382489938043,0.17776177711874075,0.3541180843219653,0.3519026261600519,0.18046149987459245
64-Spanish-Latin1,propiedad,Spanish-Latin1,Spanish-Latin1,0.5086594136831526,0.26357999388112313,0.15525755966480473,0.27413437482469616,0.10057880419054234
64-Italian-Latin1,la,Italian-Latin1,Spanish-Latin1,0.5873861566484517,0.2492806357172731,0.7377039853673247,0.7657179942619328,0.23521444695259594
64-German_Deutsch-Latin1,allgemein,German_Deutsch-Latin1,German_Deutsch-Latin1,0.7126991712490979,0.23197575617378624,0.23771755506893713,0.16796216371315548,0.2249916058603379
65-English-Latin1,of,English-Latin1,English-Latin1,0.18384050557270779,0.17175039872408293,0.004917682274962583,0.01031390810313908,0.17093052420366192
65-French_Francais-Latin1,par,French_Francais-Latin1,Spanish-Latin1,0.21961010210535825,0.3877130939866197,0.5313423299842202,0.37542355449003256,0.28678920778243583
65-Spanish-Latin1,acceso,Spanish-Latin1,Italian-Latin1,0.32831566012833935,0.2992203048882703,0.06168161164848025,0.3454998403066113,0.2118330225406484
65-Italian-Latin1,è,Italian-Latin1,Spanish-Latin1,0.0,0.0,0.0,0.0,0.0
65-German_Deutsch-Latin1,Artikel,German_Deutsch-Latin1,French_Francais-Latin1,0.19527875793930838,0.36412555701555793,0.3768059301313667,0.2871322772467962,0.3764563553129507
66-English-Latin1,arbitrarily,English-Latin1,English-Latin1,0.5584818040874608,0.36234585413934634,0.4950081144254283,0.42875616593917454,0.03716404401260619
66-French_Francais-Latin1,sa,French_Francais-Latin1,Spanish-Latin1,0.19434382489938043,0.17776177711874075,0.3541180843219653,0.3519026261600519,0.18046149987459245
66-Spanish-Latin1,la,Spanish-Latin1,French_Francais-Latin1,0.6187284121801275,0.2492806357172731,0.7377039853673247,0.6927052229032427,0.23521444695259594
66-Italian-Latin1,Ogni,Italian-Latin1,Italian-Latin1,0.7770921121485032,0.012076537013801757,0.2538127990430622,0.25368826170622194,0.12819789315274643
66-German_Deutsch-Latin1,Gerichten,German_Deutsch-Latin1,German_Deutsch-Latin1,0.462598638164249,0.17508284271144997,0.1541221935958778,0.2600101149652144,0.08477984922238044
67-English-Latin1,of,English-Latin1,English-Latin1,0.18384050557270779,0.17175039872408293,0.004917682274962583,0.01031390810313908,0.17093052420366192
67-French_Francais-Latin1,d,French_Francais-Latin1,French_Francais-Latin1,0.23234403391883704,0.20464240903387704,0.22963438101347017,0.2322112211221122,0.2285929270127916
67-Spanish-Latin1,el,Spanish-Latin1,Spanish-Latin1,0.36109282422646477,0.34825704068158214,0.35192023206897344,0.3518061507643302,0.3419864559819413
67-Italian-Latin1,libertà,Italian-Latin1,Italian-Latin1,0.43650688900334794,0.319607619482149,0.4251118388843187,0.34412545430949976,0.0010260619741432383
67-German_Deutsch-Latin1,verkündet,German_Deutsch-Latin1,German_Deutsch-Latin1,0.67057258143231,0.154039185406814,0.15998475209001525,0.01441346262687243,0.0508972354725351
68-English-Latin1,sovereignty,English-Latin1,English-Latin1,0.14616966469684176,0.09485508441951272,0.08058804369763348,0.05493483963780994,0.08612399388923091
68-French_Francais-Latin1,personne,French_Francais-Latin1,Italian-Latin1,0.48915809365302265,0.4486216569913586,0.5084745665037845,0.5696164648327798,0.4922937045397542
68-Spanish-Latin1,cualquier,Spanish-Latin1,Spanish-Latin1,0.29864214726217014,0.23622061752551088,0.23761093762450244,0.16505051550711455,0.23082711118828497
68-Italian-Latin1,in,Italian-Latin1,English-Latin1,0.2843390671620412,0.7251442194571321,0.43839481102333,0.44404453630453206,0.7080401821141192
68-German_Deutsch-Latin1,freie,German_Deutsch-Latin1,German_Deutsch-Latin1,0.47603752656999376,0.2472064588625108,0.2312931951089846,0.23289288005131492,0.23923725705903923
69-English-Latin1,association,English-Latin1,French_Francais-Latin1,0.40621100170840674,0.7103571029179617,0.19726572235182604,0.396937661862606,0.28359606609680216
69-French_Francais-Latin1,de,French_Francais-Latin1,Spanish-Latin1,0.5659047811254172,0.41377858410480745,0.7658334064754011,0.4073071651427438,0.41944147426504563
69-Spanish-Latin1,derechos,Spanish-Latin1,Spanish-Latin1,0.7739638956172615,0.1235559587190704,0.22471286328194226,0.03698691590470522,0.27349963694650103
69-Italian-Latin1,incluso,Italian-Latin1,Spanish-Latin1,0.7028136530904697,0.33630456047524004,0.05730626055817999,0.7350759859343793,0.23815178764666237
69-German_Deutsch-Latin1,hat,German_Deutsch-Latin1,English-Latin1,0.38559807038701893,0.4959378165713722,0.30707450444292544,0.053586155437158826,0.14596888260254598
70-English-Latin1,of,English-Latin1,English-Latin1,0.18384050557270779,0.17175039872408293,0.004917682274962583,0.01031390810313908,0.17093052420366192
70-French_Francais-Latin1,Article,French_Francais-Latin1,English-Latin1,0.1923208120992931,0.8099588903488913,0.33258682270134166,0.46411869297528835,0.3714574626145929
70-Spanish-Latin1,libre,Spanish-Latin1,French_Francais-Latin1,0.5849968845215026,0.27952042381151543,0.6465652633982942,0.3530204131524263,0.2234762979683973
70-Italian-Latin1,vita,Italian-Latin1,Spanish-Latin1,0.3929327031285168,0.18781367628607276,0.18854665071770335,0.42783364147455005,0.2552671181339353
70-German_Deutsch-Latin1,an,German_Deutsch-Latin1,English-Latin1,0.21348405000416448,0.6092209564250025,0.18052232854864433,0.3522407390005842,0.18371837183718373
71-English-Latin1,protection,English-Latin1,French_Francais-Latin1,0.6569872410287607,0.7486137626293509,0.3746737309307662,0.3087405401697302,0.24645582838101382
71-French_Francais-Latin1,droit,French_Francais-Latin1,French_Francais-Latin1,0.6902553472212914,0.2248013383521539,0.01646354500748343,0.017895122845617895,0.2381071816737731
71-Spanish-Latin1,su,Spanish-Latin1,French_Francais-Latin1,0.029875374770662728,0.024352686209649824,0.19259748116372435,0.04990832416574991,0.18349180290489545
71-Italian-Latin1,rapporto,Italian-Latin1,Italian-Latin1,0.49555367105970455,0.17410816128664308,0.010665869218500797,0.17853162801847855,0.08980575760109244
71-German_Deutsch-Latin1,Recht,German_Deutsch-Latin1,German_Deutsch-Latin1,0.7136284477645823,0.28762549847131735,0.2147042507454407,0.12837406102319507,0.03922258892555922
72-English-Latin1,to,English-Latin1,Spanish-Latin1,0.3541623932325213,0.11462144666479034,0.40843598504186795,0.342014201420142,0.1671682969651367
72-French_Francais-Latin1,des,French_Francais-Latin1,German_Deutsch-Latin1,0.445990748395206,0.4975245006612635,0.5825846037560029,0.06340614155092324,0.6573079839776851
72-Spanish-Latin1,como,Spanish-Latin1,Spanish-Latin1,0.4835864187544801,0.24976759438804608,0.10540081019089428,0.48118187904636145,0.12509405568096313
72-Italian-Latin1,di,Italian-Latin1,Italian-Latin1,0.2623463039834408,0.08044525077147412,0.2040553561935141,0.20579199860790623,0.23786252689662457
72-German_Deutsch-Latin1,irgendeinen,German_Deutsch-Latin1,German_Deutsch-Latin1,0.4049192049192049,0.13718109577582602,0.13504784688995214,0.20230917254650418,0.07256325632563257
73-English-Latin1,has,English-Latin1,German_Deutsch-Latin1,0.312453872994569,0.30707450444292544,0.33930044115144453,0.14596888260254598,0.4116445675335597
73-French_Francais-Latin1,coopération,French_Francais-Latin1,English-Latin1,0.4726013512789949,0.4895585900228309,0.2496608608411046,0.24376483841536936,0.2762406392203232
73-Spanish-Latin1,Artículo,Spanish-Latin1,Italian-Latin1,0.25971262654301946,0.16980326597393888,0.09540543595375282,0.2617516590368714,0.17978838834909108
73-Italian-Latin1,dei,Italian-Latin1,Italian-Latin1,0.6317695212056115,0.06895307208983495,0.24236490848332953,0.292039400167321,0.3595212636557534
73-German_Deutsch-Latin1,den,German_Deutsch-Latin1,German_Deutsch-Latin1,0.498307628897148,0.36307071914865846,0.38522205134047244,0.4355866741493776,0.2062632844080661
74-English-Latin1,public,English-Latin1,French_Francais-Latin1,0.20725965858041331,0.7292400086147686,0.01153862848268844,0.0793988047453394,0.0007524454477050414
74-French_Francais-Latin1,que,French_Francais-Latin1,Spanish-Latin1,0.5930518015225531,0.2857142857142857,0.8593420690919087,0.36269386337129955,0.14285714285714285
74-Spanish-Latin1,Toda,Spanish-Latin1,Spanish-Latin1,0.6362619734982267,0.18694878876700488,0.21096608499859276,0.2565106510651065,0.2503762227238525
74-Italian-Latin1,schiavi,Italian-Latin1,Italian-Latin1,0.5246609603798934,0.007084936279643706,0.09721618094823836,0.0971485217796956,0.20091288422911652
74-German_Deutsch-Latin1,Familie,German_Deutsch-Latin1,Spanish-Latin1,0.19103767696187363,0.3432857392436828,0.542459583877048,0.5687305382238032,0.37366165187947364
75-English-Latin1,or,English-Latin1,Spanish-Latin1,0.3520343003101624,0.1880902680051287,0.35636695763728143,0.3504965565049656,0.347401112438956
75-French_Francais-Latin1,supérieures,French_Francais-Latin1,French_Francais-Latin1,0.483918591657044,0.28474107448385994,0.2322934514778076,0.025091534794505092,0.14006338782862485
75-Spanish-Latin1,acceso,Spanish-Latin1,Italian-Latin1,0.32831566012833935,0.2992203048882703,0.06168161164848025,0.3454998403066113,0.2118330225406484
75-Italian-Latin1,Articolo,Italian-Latin1,Italian-Latin1,0.427351564543933,0.3285734272642615,0.2534514129652471,0.3048712541428965,0.25716934073004344
75-German_Deutsch-Latin1,auf,German_Deutsch-Latin1,German_Deutsch-Latin1,0.506982088084575,0.1661504644731218,0.18762139980428508,0.017116265822156827,0.01645906526136485
76-English-Latin1,of,English-Latin1,English-Latin1,0.18384050557270779,0.17175039872408293,0.004917682274962583,0.01031390810313908,0.17093052420366192
76-French_Francais-Latin1,Toute,French_Francais-Latin1,French_Francais-Latin1,0.7194592183055774,0.3883989233484488,0.38340176780568974,0.3391205787245391,0.22255664242120224
76-Spanish-Latin1,discriminación,Spanish-Latin1,English-Latin1,0.43033875202530897,0.4605478359506947,0.4371983462443989,0.4531743728627351,0.13690067768982134
76-Italian-Latin1,ultima,Italian-Latin1,Spanish-Latin1,0.3034623217922607,0.1012547051442911,0.10227272727272727,0.3052576437887535,0.10797592174567343
76-German_Deutsch-Latin1,Geburt,German_Deutsch-Latin1,German_Deutsch-Latin1,0.2747915331996941,0.22760769552488497,0.20035885167464115,0.038013149454778704,0.01021380398909456
77-English-Latin1,and,English-Latin1,German_Deutsch-Latin1,0.31373638014527844,0.15473342447026656,0.15906349057192934,0.15747289014615748,0.498056598917568
77-French_Francais-Latin1,dans,French_Francais-Latin1,French_Francais-Latin1,0.3946917808219178,0.37790150564617314,0.14352148813341886,0.028328734512795543,0.30142321096194213
77-Spanish-Latin1,la,Spanish-Latin1,French_Francais-Latin1,0.6187284121801275,0.2492806357172731,0.7377039853673247,0.6927052229032427,0.23521444695259594
77-Italian-Latin1,ogni,Italian-Latin1,Italian-Latin1,0.8302348975752508,0.012076537013801757,0.2538127990430622,0.25368826170622194,0.12819789315274643
77-German_Deutsch-Latin1,Alter,German_Deutsch-Latin1,German_Deutsch-Latin1,0.4770822859058153,0.3572983144732468,0.34336980176624254,0.3537231253634468,0.2872100973538214
78-English-Latin1,shall,English-Latin1,English-Latin1,0.3802142169783691,0.11881977671451355,0.11873708217518351,0.3419141914191419,0.34252988880528384
78-French_Francais-Latin1,de,French_Francais-Latin1,Spanish-Latin1,0.5659047811254172,0.41377858410480745,0.7658334064754011,0.4073071651427438,0.41944147426504563
78-Spanish-Latin1,a,Spanish-Latin1,French_Francais-Latin1,0.6163575350823673,0.645566115849415,0.6569145640425459,0.6475588203981688,0.622216769718978
78-Italian-Latin1,inoltre,Italian-Latin1,Spanish-Latin1,0.24608709056682157,0.25228252190774697,0.3300335332854527,0.3357889984120977,0.23815178764666237
78-German_Deutsch-Latin1,regelmäßige,German_Deutsch-Latin1,German_Deutsch-Latin1,0.7989897402470877,0.16473216182788844,0.17809791276610498,0.12702443661391705,0.15686688668866886
79-English-Latin1,or,English-Latin1,Spanish-Latin1,0.3520343003101624,0.1880902680051287,0.35636695763728143,0.3504965565049656,0.347401112438956
79-French_Francais-Latin1,acte,French_Francais-Latin1,French_Francais-Latin1,0.39768045281170494,0.3336407657257225,0.32530935821363705,0.26520813371659746,0.2647912781758105
79-Spanish-Latin1,del,Spanish-Latin1,Italian-Latin1,0.4130958072191092,0.3546673578041207,0.38522205134047244,0.610904817462137,0.5023784065128962
79-Italian-Latin1,diritti,Italian-Latin1,Italian-Latin1,0.7355563124833389,0.05457441485930674,0.15978777004494707,0.1167956356043125,0.12974319648906796
79-German_Deutsch-Latin1,und,German_Deutsch-Latin1,English-Latin1,0.5644219318422813,0.6036721351685361,0.2889610389610389,0.27417758636488593,0.23292532549958292
80-English-Latin1,by,English-Latin1,English-Latin1,0.1722503160556258,0.1672647527910686,0.16741500962155229,0.00055005500550055,0.0056433408577878106
80-French_Francais-Latin1,à,French_Francais-Latin1,Italian-Latin1,0.0,0.0,0.0,0.2,0.0
80-Spanish-Latin1,ser,Spanish-Latin1,French_Francais-Latin1,0.41067459068627976,0.34694052138934733,0.525569128822953,0.33424899789822,0.4793566102821182
80-Italian-Latin1,privato,Italian-Latin1,Italian-Latin1,0.5435098495460451,0.3757893434179507,0.11610652773220237,0.39044333431592465,0.452199192831247
80-German_Deutsch-Latin1,Vereinten,German_Deutsch-Latin1,German_Deutsch-Latin1,0.4800871984024909,0.24378277515040375,0.23690782901309218,0.24518269339610319,0.12782031239561203
81-English-Latin1,and,English-Latin1,German_Deutsch-Latin1,0.31373638014527844,0.15473342447026656,0.15906349057192934,0.15747289014615748,0.498056598917568
81-French_Francais-Latin1,provocation,French_Francais-Latin1,English-Latin1,0.43272488567679634,0.46891218517316385,0.4060288155353818,0.2789624351928976,0.2966921064889462
81-Spanish-Latin1,libremente,Spanish-Latin1,French_Francais-Latin1,0.5378955230294775,0.2542258625123717,0.6673497781710124,0.46131669416941695,0.1436633344082554
81-Italian-Latin1,lavoro,Italian-Latin1,Italian-Latin1,0.5328310104529617,0.14956838143036386,0.04416085275885639,0.2683196854460485,0.14112866817155756
81-German_Deutsch-Latin1,seines,German_Deutsch-Latin1,German_Deutsch-Latin1,0.49753754121087146,0.2214297935439717,0.4500412473189243,0.34237739264925393,0.019688584243039688
82-English-Latin1,Member,English-Latin1,English-Latin1,0.7085000109296784,0.38787557236199,0.2307067317971744,0.3775624705327676,0.3507793184994088
82-French_Francais-Latin1,de,French_Francais-Latin1,Spanish-Latin1,0.5659047811254172,0.41377858410480745,0.7658334064754011,0.4073071651427438,0.41944147426504563
82-Spanish-Latin1,por,Spanish-Latin1,Italian-Latin1,0.3064553581311812,0.2981378044113301,0.16916108286642287,0.33620678670183624,0.31536063635386435
82-Italian-Latin1,della,Italian-Latin1,Italian-Latin1,0.5931632696257149,0.16474127829209387,0.2996171510425897,0.5701369247678197,0.1685165383989193
82-German_Deutsch-Latin1,Da,German_Deutsch-Latin1,Italian-Latin1,0.5911449236097831,0.1705353408615642,0.2034766524898104,0.3580286508445585,0.6002716460170607
83-English-Latin1,for,English-Latin1,Spanish-Latin1,0.38871461748854974,0.2497579175210754,0.43657656006597634,0.3539111053962539,0.4097860685712531
83-French_Francais-Latin1,de,French_Francais-Latin1,Spanish-Latin1,0.5659047811254172,0.41377858410480745,0.7658334064754011,0.4073071651427438,0.41944147426504563
83-Spanish-Latin1,derecho,Spanish-Latin1,Spanish-Latin1,0.7443617080037577,0.22569740951171316,0.06332312358030062,0.13125845371422387,0.29836324030527384
83-Italian-Latin1,di,Italian-Latin1,Italian-Latin1,0.2623463039834408,0.08044525077147412,0.2040553561935141,0.20579199860790623,0.23786252689662457
83-German_Deutsch-Latin1,die,German_Deutsch-Latin1,German_Deutsch-Latin1,0.615983586417023,0.21181021494697783,0.4606188767372978,0.4621074273782053,0.39888623522773825
84-English-Latin1,nations,English-Latin1,English-Latin1,0.769276977903176,0.7634707499597039,0.14955490664278348,0.08374110138286556,0.5338876510998407
84-French_Francais-Latin1,suprême,French_Francais-Latin1,French_Francais-Latin1,0.29625262498687815,0.2064651015688999,0.27130925201519224,0.21603391108341602,0.1909955288572157
84-Spanish-Latin1,de,Spanish-Latin1,French_Francais-Latin1,0.3126869658119658,0.41377858410480745,0.7441277133188514,0.4073071651427438,0.41944147426504563
84-Italian-Latin1,cooperazione,Italian-Latin1,Italian-Latin1,0.5197134363998401,0.4415504638606897,0.22883676873181077,0.4215570570385355,0.12504702784048155
84-German_Deutsch-Latin1,ist,German_Deutsch-Latin1,German_Deutsch-Latin1,0.43399089529590285,0.3125930313208694,0.28938824333561175,0.004948226885366077,0.14254721542821353
85-English-Latin1,Article,English-Latin1,French_Francais-Latin1,0.2886155573378952,0.8219469959620878,0.33258682270134166,0.46411869297528835,0.3714574626145929
85-French_Francais-Latin1,Quiconque,French_Francais-Latin1,French_Francais-Latin1,0.5982410388302368,0.15384615384615385,0.30887649874179696,0.15481086570195485,0.07692307692307693
85-Spanish-Latin1,podrá,Spanish-Latin1,Spanish-Latin1,0.3679724740269396,0.009662736764367881,0.02045862000721778,0.02816083410142816,0.02305827271967227
85-Italian-Latin1,e,Italian-Latin1,Spanish-Latin1,0.20912232204561162,0.21116687578419074,0.21650717703349281,0.6249500330014595,0.21038374717832956
85-German_Deutsch-Latin1,begegnen,German_Deutsch-Latin1,German_Deutsch-Latin1,0.3718687882844509,0.22519303156066017,0.16696570972886762,0.2503741714774428,0.10027502750275029
86-English-Latin1,right,English-Latin1,English-Latin1,0.7063644493221958,0.11656034024455078,0.0023519350010690614,0.077000366703337,0.22673689490845245
86-French_Francais-Latin1,a,French_Francais-Latin1,Spanish-Latin1,0.61540273556231,0.645566115849415,0.7105869759726756,0.6475588203981688,0.622216769718978
86-Spanish-Latin1,y,Spanish-Latin1,French_Francais-Latin1,0.2,0.2,0.8002392344497608,0.0,0.0
86-Italian-Latin1,o,Italian-Latin1,Spanish-Latin1,0.20644295302013424,0.21932245922208282,0.006100478468899521,0.6928577404690855,0.2051166290443943
86-German_Deutsch-Latin1,sonst,German_Deutsch-Latin1,German_Deutsch-Latin1,0.5972024740608249,0.3558815887862312,0.3044332707804887,0.03060970245901876,0.045261769766720264
87-English-Latin1,of,English-Latin1,English-Latin1,0.18384050557270779,0.17175039872408293,0.004917682274962583,0.01031390810313908,0.17093052420366192
87-French_Francais-Latin1,et,French_Francais-Latin1,French_Francais-Latin1,0.3503093434343434,0.3426390631534923,0.014753046824887749,0.015985255241942106,0.34440191491913935
87-Spanish-Latin1,subsistencia,Spanish-Latin1,Spanish-Latin1,0.5544987435555061,0.28256975732861866,0.45347405543639663,0.2687156215621562,0.1000594260893358
87-Italian-Latin1,equivalente,Italian-Latin1,Spanish-Latin1,0.3385088643632263,0.6189710880757361,0.5832801701222754,0.8229060496478294,0.1367945823927765
87-German_Deutsch-Latin1,für,German_Deutsch-Latin1,German_Deutsch-Latin1,0.2937085573037234,0.14993726474278546,0.14559125085440877,0.14514798863740494,0.1456859971711457
88-English-Latin1,to,English-Latin1,Spanish-Latin1,0.3541623932325213,0.11462144666479034,0.40843598504186795,0.342014201420142,0.1671682969651367
88-French_Francais-Latin1,homme,French_Francais-Latin1,French_Francais-Latin1,0.6924640191326902,0.25443519732496656,0.3472336764511235,0.22464246424642464,0.23084337823416298
88-Spanish-Latin1,de,Spanish-Latin1,French_Francais-Latin1,0.3126869658119658,0.41377858410480745,0.7441277133188514,0.4073071651427438,0.41944147426504563
88-Italian-Latin1,valore,Italian-Latin1,Spanish-Latin1,0.40130909090909095,0.3002509410288582,0.3079801777170198,0.4628551484737577,0.20421369450714827
88-German_Deutsch-Latin1,zu,German_Deutsch-Latin1,German_Deutsch-Latin1,0.2962971342383107,0.0,0.16666666666666666,0.16666666666666666,0.0
89-English-Latin1,to,English-Latin1,Spanish-Latin1,0.3541623932325213,0.11462144666479034,0.40843598504186795,0.342014201420142,0.1671682969651367
89-French_Francais-Latin1,une,French_Francais-Latin1,French_Francais-Latin1,0.5722183222183223,0.43825860133394967,0.4170347292220288,0.5186396112138686,0.44139106382494087
89-Spanish-Latin1,matrimonio,Spanish-Latin1,Italian-Latin1,0.1888450252055461,0.11134104737349047,0.03865152250126783,0.8353904267977817,0.07878794858801308
89-Italian-Latin1,ha,Italian-Latin1,Spanish-Latin1,0.3342409802586794,0.2452607859999342,0.19158692185007975,0.5791838480100187,0.31358532878915296
89-German_Deutsch-Latin1,und,German_Deutsch-Latin1,English-Latin1,0.5644219318422813,0.6036721351685361,0.2889610389610389,0.27417758636488593,0.23292532549958292
90-English-Latin1,the,English-Latin1,English-Latin1,0.5694911728345757,0.1486671223513329,0.15183725831577016,0.28882602545968883,0.28614425454154574
90-French_Francais-Latin1,atteintes,French_Francais-Latin1,French_Francais-Latin1,0.6212465386962032,0.26684695784660734,0.31641880261565425,0.08826704010351408,0.2849105747525612
90-Spanish-Latin1,del,Spanish-Latin1,Italian-Latin1,0.4130958072191092,0.3546673578041207,0.38522205134047244,0.610904817462137,0.5023784065128962
90-Italian-Latin1,essere,Italian-Latin1,Italian-Latin1,0.6373542750433507,0.5078306289033313,0.33234779141529713,0.23131559621087466,0.5580904243138025
90-German_Deutsch-Latin1,und,German_Deutsch-Latin1,English-Latin1,0.5644219318422813,0.6036721351685361,0.2889610389610389,0.27417758636488593,0.23292532549958292
91-English-Latin1,themselves,English-Latin1,English-Latin1,0.26706563365989844,0.21719070403280932,0.1473472005864565,0.0015558698727015559,0.14307212727077287
91-French_Francais-Latin1,a,French_Francais-Latin1,Spanish-Latin1,0.61540273556231,0.645566115849415,0.7105869759726756,0.6475588203981688,0.622216769718978
91-Spanish-Latin1,será,Spanish-Latin1,Spanish-Latin1,0.31919083392867775,0.053572956215678924,0.0848729877200839,0.04246787316094247,0.044437033996853406
91-Italian-Latin1,sia,Italian-Latin1,Italian-Latin1,0.327870374218934,0.29522438038749205,0.15523133853442386,0.3062000135309769,0.17546050638601426
91-German_Deutsch-Latin1,ihrer,German_Deutsch-Latin1,German_Deutsch-Latin1,0.5033311646063761,0.2286351596263767,0.33619085592769804,0.22607084313306253,0.23204987165383203
92-English-Latin1,has,English-Latin1,German_Deutsch-Latin1,0.312453872994569,0.30707450444292544,0.33930044115144453,0.14596888260254598,0.4116445675335597
92-French_Francais-Latin1,leur,French_Francais-Latin1,French_Francais-Latin1,0.5964987630566245,0.2669604767879548,0.14384116524911905,0.15187018701870186,0.3097441685477803
92-Spanish-Latin1,domicilio,Spanish-Latin1,French_Francais-Latin1,0.2426071299650765,0.07870861885918347,0.33269435243119455,0.24441919601796247,0.08792035654338139
92-Italian-Latin1,popoli,Italian-Latin1,Italian-Latin1,0.5289850568721013,0.008696463087931093,0.12555561514935315,0.1295837412646433,0.12075244544770505
92-German_Deutsch-Latin1,ist,German_Deutsch-Latin1,German_Deutsch-Latin1,0.43399089529590285,0.3125930313208694,0.28938824333561175,0.004948226885366077,0.14254721542821353
93-English-Latin1,observance,English-Latin1,Spanish-Latin1,0.3440819909947695,0.28840232265154864,0.5471386340184622,0.2544202463299167,0.07745761961669544
93-French_Francais-Latin1,à,French_Francais-Latin1,Italian-Latin1,0.0,0.0,0.0,0.2,0.0
93-Spanish-Latin1,han,Spanish-Latin1,English-Latin1,0.31898278854800594,0.4959378165713722,0.16421736158578265,0.32345806009172345,0.42825586321462283
93-Italian-Latin1,alla,Italian-Latin1,Italian-Latin1,0.5443662587412588,0.25196060378240265,0.26129102698702283,0.39793851603387764,0.25039916867500533
93-German_Deutsch-Latin1,Artikel,German_Deutsch-Latin1,French_Francais-Latin1,0.19527875793930838,0.36412555701555793,0.3768059301313667,0.2871322772467962,0.3764563553129507
94-English-Latin1,the,English-Latin1,English-Latin1,0.5694911728345757,0.1486671223513329,0.15183725831577016,0.28882602545968883,0.28614425454154574
94-French_Francais-Latin1,un,French_Francais-Latin1,Spanish-Latin1,0.5025115531444645,0.32709117524048514,0.7087627396479225,0.6534666431903736,0.34348188215473874
94-Spanish-Latin1,así,Spanish-Latin1,English-Latin1,0.031695421948200936,0.03196885660730341,0.025237021592568736,0.021067360192240422,0.015869121227841416
94-Italian-Latin1,la,Italian-Latin1,Spanish-Latin1,0.5873861566484517,0.2492806357172731,0.7377039853673247,0.7657179942619328,0.23521444695259594
94-German_Deutsch-Latin1,frei,German_Deutsch-Latin1,German_Deutsch-Latin1,0.6564161513662069,0.15310726622032467,0.13520484449760767,0.1370044900577293,0.26914191419141914
95-English-Latin1,held,English-Latin1,German_Deutsch-Latin1,0.26107221522970425,0.12664473684210525,0.12724502886465683,0.12772277227722773,0.2646007612977471
95-French_Francais-Latin1,la,French_Francais-Latin1,Spanish-Latin1,0.6425836030204962,0.2492806357172731,0.7657179942619328,0.6927052229032427,0.23521444695259594
95-Spanish-Latin1,persona,Spanish-Latin1,Italian-Latin1,0.5576730984935739,0.42879938338451234,0.44868528472656577,0.6668543252721235,0.44613858677064094
95-Italian-Latin1,che,Italian-Latin1,German_Deutsch-Latin1,0.436880568625488,0.31921491306685784,0.19226873235283434,0.15202052597819113,0.5715360636353864
95-German_Deutsch-Latin1,auf,German_Deutsch-Latin1,German_Deutsch-Latin1,0.506982088084575,0.1661504644731218,0.18762139980428508,0.017116265822156827,0.01645906526136485
96-English-Latin1,in,English-Latin1,German_Deutsch-Latin1,0.4255371481164112,0.43839481102333,0.44404453630453206,0.6677548165264288,0.7080401821141192
96-French_Francais-Latin1,mêmes,French_Francais-Latin1,German_Deutsch-Latin1,0.33520186853520184,0.33528509689111946,0.22500178176894023,0.0020535386872020537,0.33684474542262355
96-Spanish-Latin1,fraternalmente,Spanish-Latin1,Italian-Latin1,0.43193192532437386,0.1950422573920225,0.495276227184122,0.5472806655665566,0.19039299492056666
96-Italian-Latin1,di,Italian-Latin1,Italian-Latin1,0.2623463039834408,0.08044525077147412,0.2040553561935141,0.20579199860790623,0.23786252689662457
96-German_Deutsch-Latin1,politischen,German_Deutsch-Latin1,German_Deutsch-Latin1,0.8391840009611095,0.4724643087252874,0.3551323148614735,0.15781773227166698,0.26022983379419024
97-English-Latin1,including,English-Latin1,English-Latin1,0.5622848007894029,0.04848991277999845,0.21173096245729534,0.21466306217303704,0.20151305108563738
97-French_Francais-Latin1,mariage,French_Francais-Latin1,English-Latin1,0.4007419409858434,0.5263221721816452,0.11649329930279256,0.21271912905576273,0.2820937527483803
97-Spanish-Latin1,conciencia,Spanish-Latin1,Spanish-Latin1,0.42633710507016964,0.2548455517715242,0.24134521551097787,0.22959766521947472,0.07148231753197894
97-Italian-Latin1,all,Italian-Latin1,English-Latin1,0.42502575962265016,0.716526404322746,0.15576117369945466,0.16907258975300304,0.5718847642000061
97-German_Deutsch-Latin1,nicht,German_Deutsch-Latin1,German_Deutsch-Latin1,0.668071504249228,0.22487104419350346,0.12688729399255716,0.02296027051211999,0.004033736707004034
98-English-Latin1,against,English-Latin1,German_Deutsch-Latin1,0.1958663606879837,0.19068386004549992,0.009155052772756429,0.00988744035693892,0.2821670428893905
98-French_Francais-Latin1,membre,French_Francais-Latin1,French_Francais-Latin1,0.678461998803112,0.3774059378513582,0.42570673179717444,0.47756247053276757,0.2507793184994088
98-Spanish-Latin1,Considerando,Spanish-Latin1,Italian-Latin1,0.2685220088866287,0.1627625850728109,0.26254828773744743,0.5727729570670403,0.06254702784048156
98-Italian-Latin1,confini,Italian-Latin1,Italian-Latin1,0.3718653173413294,0.08798524770921258,0.3022526330090578,0.30214049011354976,0.09097749504070046
98-German_Deutsch-Latin1,darf,German_Deutsch-Latin1,German_Deutsch-Latin1,0.16917013181681106,0.12790150564617314,0.1526074893673578,0.01852148813341886,0.028328734512795543
99-English-Latin1,such,English-Latin1,German_Deutsch-Latin1,0.2640311309941953,0.01944811087279327,0.05413996511063286,0.03743124312431243,0.6376188521786716
99-French_Francais-Latin1,un,French_Francais-Latin1,Spanish-Latin1,0.5025115531444645,0.32709117524048514,0.7087627396479225,0.6534666431903736,0.34348188215473874
99-Spanish-Latin1,la,Spanish-Latin1,French_Francais-Latin1,0.6187284121801275,0.2492806357172731,0.7377039853673247,0.6927052229032427,0.23521444695259594
99-Italian-Latin1,senza,Italian-Latin1,Italian-Latin1,0.4601284159423694,0.13492199282663525,0.13893471924324918,0.3804193251658377,0.1506106968860919
99-German_Deutsch-Latin1,stets,German_Deutsch-Latin1,German_Deutsch-Latin1,0.37395161686501355,0.24477047767512009,0.23088874223175493,0.11873708217518351,0.044608873280490444
